title,content
Managing Panic Disorder,"Managing Panic Disorder is an important aspect of mental well-being. Individuals experiencing panic disorder may benefit from mindfulness, therapy, or medication. Healing is possible with the right guidance and support."
Exploring Episodic Acute Stress,"Exploring Episodic Acute Stress is an important aspect of mental well-being. Individuals experiencing episodic acute stress may benefit from mindfulness, therapy, or medication. Mental health should be prioritized just like physical health."
Understanding Atypical Depression,"Understanding Atypical Depression is an important aspect of mental well-being. Individuals experiencing atypical depression may benefit from mindfulness, therapy, or medication. Mental health should be prioritized just like physical health."
Exploring Wellness,"Exploring Wellness is an important aspect of mental well-being. Individuals experiencing wellness may benefit from mindfulness, therapy, or medication. Healing is possible with the right guidance and support."
Living with Stress,"Living with Stress is an important aspect of mental well-being. Individuals experiencing stress may benefit from mindfulness, therapy, or medication. These strategies can improve daily functioning and emotional well-being."
The Truth About Trauma,"The Truth About Trauma is an important aspect of mental well-being. Individuals experiencing trauma may benefit from mindfulness, therapy, or medication. Support, education, and therapy can help individuals lead better lives."
Coping with Atypical Depression,"Coping with Atypical Depression is an important aspect of mental well-being. Individuals experiencing atypical depression may benefit from mindfulness, therapy, or medication. Recognizing symptoms early can lead to effective recovery paths."
Coping with Anxiety,"Coping with Anxiety is an important aspect of mental well-being. Individuals experiencing anxiety may benefit from mindfulness, therapy, or medication. Recognizing symptoms early can lead to effective recovery paths."
Healing from Panic Disorder,"Healing from Panic Disorder is an important aspect of mental well-being. Individuals experiencing panic disorder may benefit from mindfulness, therapy, or medication. These strategies can improve daily functioning and emotional well-being."
Overcoming Checking OCD,"Overcoming Checking OCD is an important aspect of mental well-being. Individuals experiencing checking ocd may benefit from mindfulness, therapy, or medication. These strategies can improve daily functioning and emotional well-being."
Healing from Wellness,"Healing from Wellness is an important aspect of mental well-being. Individuals experiencing wellness may benefit from mindfulness, therapy, or medication. Healing is possible with the right guidance and support."
Living with Depression,"Living with Depression is an important aspect of mental well-being. Individuals experiencing depression may benefit from mindfulness, therapy, or medication. Mental health should be prioritized just like physical health."
A Guide to Mindfulness,"A Guide to Mindfulness is an important aspect of mental well-being. Individuals experiencing mindfulness may benefit from mindfulness, therapy, or medication. Recognizing symptoms early can lead to effective recovery paths."
The Truth About Self-Care,"The Truth About Self-Care is an important aspect of mental well-being. Individuals experiencing self-care may benefit from mindfulness, therapy, or medication. Support, education, and therapy can help individuals lead better lives."
Exploring OCD,"Exploring OCD is an important aspect of mental well-being. Individuals experiencing ocd may benefit from mindfulness, therapy, or medication. Recognizing symptoms early can lead to effective recovery paths."
Overcoming Anxiety,"Overcoming Anxiety is an important aspect of mental well-being. Individuals experiencing anxiety may benefit from mindfulness, therapy, or medication. Support, education, and therapy can help individuals lead better lives."
Healing from OCD,"Healing from OCD is an important aspect of mental well-being. Individuals experiencing ocd may benefit from mindfulness, therapy, or medication. Healing is possible with the right guidance and support."
Healing from Developmental Trauma,"Healing from Developmental Trauma is an important aspect of mental well-being. Individuals experiencing developmental trauma may benefit from mindfulness, therapy, or medication. Mental health should be prioritized just like physical health."
Understanding Mindfulness,"Understanding Mindfulness is an important aspect of mental well-being. Individuals experiencing mindfulness may benefit from mindfulness, therapy, or medication. Healing is possible with the right guidance and support."
Understanding Postpartum Depression,"Understanding Postpartum Depression is an important aspect of mental well-being. Individuals experiencing postpartum depression may benefit from mindfulness, therapy, or medication. Support, education, and therapy can help individuals lead better lives."
The Truth About Stress,"The Truth About Stress is an important aspect of mental well-being. Individuals experiencing stress may benefit from mindfulness, therapy, or medication. These strategies can improve daily functioning and emotional well-being."
A Guide to Anxiety,"A Guide to Anxiety is an important aspect of mental well-being. Individuals experiencing anxiety may benefit from mindfulness, therapy, or medication. Healing is possible with the right guidance and support."
What to Know About Postpartum Depression,"What to Know About Postpartum Depression is an important aspect of mental well-being. Individuals experiencing postpartum depression may benefit from mindfulness, therapy, or medication. Mental health should be prioritized just like physical health."
Overcoming Developmental Trauma,"Overcoming Developmental Trauma is an important aspect of mental well-being. Individuals experiencing developmental trauma may benefit from mindfulness, therapy, or medication. Mental health should be prioritized just like physical health."
Overcoming Episodic Acute Stress,"Overcoming Episodic Acute Stress is an important aspect of mental well-being. Individuals experiencing episodic acute stress may benefit from mindfulness, therapy, or medication. These strategies can improve daily functioning and emotional well-being."
Overcoming Self-Care,"Overcoming Self-Care is an important aspect of mental well-being. Individuals experiencing self-care may benefit from mindfulness, therapy, or medication. Recognizing symptoms early can lead to effective recovery paths."
Managing Therapy,"Managing Therapy is an important aspect of mental well-being. Individuals experiencing therapy may benefit from mindfulness, therapy, or medication. These strategies can improve daily functioning and emotional well-being."
A Guide to Complex Trauma,"A Guide to Complex Trauma is an important aspect of mental well-being. Individuals experiencing complex trauma may benefit from mindfulness, therapy, or medication. Recognizing symptoms early can lead to effective recovery paths."
What to Know About Trauma,"What to Know About Trauma is an important aspect of mental well-being. Individuals experiencing trauma may benefit from mindfulness, therapy, or medication. Recognizing symptoms early can lead to effective recovery paths."
Managing Generalized Anxiety Disorder,"Managing Generalized Anxiety Disorder is an important aspect of mental well-being. Individuals experiencing generalized anxiety disorder may benefit from mindfulness, therapy, or medication. Mental health should be prioritized just like physical health."
Overcoming Resilience,"Overcoming Resilience is an important aspect of mental well-being. Individuals experiencing resilience may benefit from mindfulness, therapy, or medication. Recognizing symptoms early can lead to effective recovery paths."
Living with Therapy,"Living with Therapy is an important aspect of mental well-being. Individuals experiencing therapy may benefit from mindfulness, therapy, or medication. Mental health should be prioritized just like physical health."
Living with Generalized Anxiety Disorder,"Living with Generalized Anxiety Disorder is an important aspect of mental well-being. Individuals experiencing generalized anxiety disorder may benefit from mindfulness, therapy, or medication. Healing is possible with the right guidance and support."
Living with Chronic Stress,"Living with Chronic Stress is an important aspect of mental well-being. Individuals experiencing chronic stress may benefit from mindfulness, therapy, or medication. Recognizing symptoms early can lead to effective recovery paths."
Coping with Developmental Trauma,"Coping with Developmental Trauma is an important aspect of mental well-being. Individuals experiencing developmental trauma may benefit from mindfulness, therapy, or medication. Support, education, and therapy can help individuals lead better lives."
Coping with Panic Disorder,"Coping with Panic Disorder is an important aspect of mental well-being. Individuals experiencing panic disorder may benefit from mindfulness, therapy, or medication. These strategies can improve daily functioning and emotional well-being."
A Guide to Acute Stress,"A Guide to Acute Stress is an important aspect of mental well-being. Individuals experiencing acute stress may benefit from mindfulness, therapy, or medication. Support, education, and therapy can help individuals lead better lives."
The Truth About Developmental Trauma,"The Truth About Developmental Trauma is an important aspect of mental well-being. Individuals experiencing developmental trauma may benefit from mindfulness, therapy, or medication. Recognizing symptoms early can lead to effective recovery paths."
Coping with Self-Care,"Coping with Self-Care is an important aspect of mental well-being. Individuals experiencing self-care may benefit from mindfulness, therapy, or medication. Mental health should be prioritized just like physical health."
Exploring Separation Anxiety,"Exploring Separation Anxiety is an important aspect of mental well-being. Individuals experiencing separation anxiety may benefit from mindfulness, therapy, or medication. Support, education, and therapy can help individuals lead better lives."
What to Know About Resilience,"What to Know About Resilience is an important aspect of mental well-being. Individuals experiencing resilience may benefit from mindfulness, therapy, or medication. Recognizing symptoms early can lead to effective recovery paths."
Understanding Checking OCD,"Understanding Checking OCD is an important aspect of mental well-being. Individuals experiencing checking ocd may benefit from mindfulness, therapy, or medication. Support, education, and therapy can help individuals lead better lives."
Understanding Major Depressive Disorder,"Understanding Major Depressive Disorder is an important aspect of mental well-being. Individuals experiencing major depressive disorder may benefit from mindfulness, therapy, or medication. Recognizing symptoms early can lead to effective recovery paths."
Exploring Mindfulness,"Exploring Mindfulness is an important aspect of mental well-being. Individuals experiencing mindfulness may benefit from mindfulness, therapy, or medication. Mental health should be prioritized just like physical health."
The Truth About Complex Trauma,"The Truth About Complex Trauma is an important aspect of mental well-being. Individuals experiencing complex trauma may benefit from mindfulness, therapy, or medication. These strategies can improve daily functioning and emotional well-being."
What to Know About Stress,"What to Know About Stress is an important aspect of mental well-being. Individuals experiencing stress may benefit from mindfulness, therapy, or medication. These strategies can improve daily functioning and emotional well-being."
The Truth About Therapy,"The Truth About Therapy is an important aspect of mental well-being. Individuals experiencing therapy may benefit from mindfulness, therapy, or medication. These strategies can improve daily functioning and emotional well-being."
A Guide to Single Event Trauma,"A Guide to Single Event Trauma is an important aspect of mental well-being. Individuals experiencing single event trauma may benefit from mindfulness, therapy, or medication. These strategies can improve daily functioning and emotional well-being."
The Truth About Separation Anxiety,"The Truth About Separation Anxiety is an important aspect of mental well-being. Individuals experiencing separation anxiety may benefit from mindfulness, therapy, or medication. Recognizing symptoms early can lead to effective recovery paths."
Exploring Trauma,"Exploring Trauma is an important aspect of mental well-being. Individuals experiencing trauma may benefit from mindfulness, therapy, or medication. These strategies can improve daily functioning and emotional well-being."
A Guide to Self-Care,"A Guide to Self-Care is an important aspect of mental well-being. Individuals experiencing self-care may benefit from mindfulness, therapy, or medication. Recognizing symptoms early can lead to effective recovery paths."
What to Know About Single Event Trauma,"What to Know About Single Event Trauma is an important aspect of mental well-being. Individuals experiencing single event trauma may benefit from mindfulness, therapy, or medication. These strategies can improve daily functioning and emotional well-being."
Managing Mindfulness,"Managing Mindfulness is an important aspect of mental well-being. Individuals experiencing mindfulness may benefit from mindfulness, therapy, or medication. Mental health should be prioritized just like physical health."
The Truth About Generalized Anxiety Disorder,"The Truth About Generalized Anxiety Disorder is an important aspect of mental well-being. Individuals experiencing generalized anxiety disorder may benefit from mindfulness, therapy, or medication. These strategies can improve daily functioning and emotional well-being."
The Truth About Meditation,"The Truth About Meditation is an important aspect of mental well-being. Individuals experiencing meditation may benefit from mindfulness, therapy, or medication. Support, education, and therapy can help individuals lead better lives."
Healing from Chronic Stress,"Healing from Chronic Stress is an important aspect of mental well-being. Individuals experiencing chronic stress may benefit from mindfulness, therapy, or medication. Support, education, and therapy can help individuals lead better lives."
Managing Self-Care,"Managing Self-Care is an important aspect of mental well-being. Individuals experiencing self-care may benefit from mindfulness, therapy, or medication. These strategies can improve daily functioning and emotional well-being."
Healing from Separation Anxiety,"Healing from Separation Anxiety is an important aspect of mental well-being. Individuals experiencing separation anxiety may benefit from mindfulness, therapy, or medication. Healing is possible with the right guidance and support."
Healing from Meditation,"Healing from Meditation is an important aspect of mental well-being. Individuals experiencing meditation may benefit from mindfulness, therapy, or medication. Healing is possible with the right guidance and support."
A Guide to Chronic Stress,"A Guide to Chronic Stress is an important aspect of mental well-being. Individuals experiencing chronic stress may benefit from mindfulness, therapy, or medication. Mental health should be prioritized just like physical health."
Healing from Resilience,"Healing from Resilience is an important aspect of mental well-being. Individuals experiencing resilience may benefit from mindfulness, therapy, or medication. Mental health should be prioritized just like physical health."
A Guide to Depression,"A Guide to Depression is an important aspect of mental well-being. Individuals experiencing depression may benefit from mindfulness, therapy, or medication. Mental health should be prioritized just like physical health."
Managing Meditation,"Managing Meditation is an important aspect of mental well-being. Individuals experiencing meditation may benefit from mindfulness, therapy, or medication. Recognizing symptoms early can lead to effective recovery paths."
Coping with Mindfulness,"Coping with Mindfulness is an important aspect of mental well-being. Individuals experiencing mindfulness may benefit from mindfulness, therapy, or medication. These strategies can improve daily functioning and emotional well-being."
Overcoming Postpartum Depression,"Overcoming Postpartum Depression is an important aspect of mental well-being. Individuals experiencing postpartum depression may benefit from mindfulness, therapy, or medication. Mental health should be prioritized just like physical health."
Understanding Panic Disorder,"Understanding Panic Disorder is an important aspect of mental well-being. Individuals experiencing panic disorder may benefit from mindfulness, therapy, or medication. Recognizing symptoms early can lead to effective recovery paths."
Overcoming Chronic Stress,"Overcoming Chronic Stress is an important aspect of mental well-being. Individuals experiencing chronic stress may benefit from mindfulness, therapy, or medication. Healing is possible with the right guidance and support."
Overcoming Therapy,"Overcoming Therapy is an important aspect of mental well-being. Individuals experiencing therapy may benefit from mindfulness, therapy, or medication. Recognizing symptoms early can lead to effective recovery paths."
Living with Symmetry OCD,"Living with Symmetry OCD is an important aspect of mental well-being. Individuals experiencing symmetry ocd may benefit from mindfulness, therapy, or medication. These strategies can improve daily functioning and emotional well-being."
Healing from Acute Stress,"Healing from Acute Stress is an important aspect of mental well-being. Individuals experiencing acute stress may benefit from mindfulness, therapy, or medication. Mental health should be prioritized just like physical health."
Living with Separation Anxiety,"Living with Separation Anxiety is an important aspect of mental well-being. Individuals experiencing separation anxiety may benefit from mindfulness, therapy, or medication. Support, education, and therapy can help individuals lead better lives."
Coping with OCD,"Coping with OCD is an important aspect of mental well-being. Individuals experiencing ocd may benefit from mindfulness, therapy, or medication. These strategies can improve daily functioning and emotional well-being."
A Guide to Resilience,"A Guide to Resilience is an important aspect of mental well-being. Individuals experiencing resilience may benefit from mindfulness, therapy, or medication. Support, education, and therapy can help individuals lead better lives."
What to Know About Checking OCD,"What to Know About Checking OCD is an important aspect of mental well-being. Individuals experiencing checking ocd may benefit from mindfulness, therapy, or medication. Mental health should be prioritized just like physical health."
A Guide to Checking OCD,"A Guide to Checking OCD is an important aspect of mental well-being. Individuals experiencing checking ocd may benefit from mindfulness, therapy, or medication. Recognizing symptoms early can lead to effective recovery paths."
A Guide to Symmetry OCD,"A Guide to Symmetry OCD is an important aspect of mental well-being. Individuals experiencing symmetry ocd may benefit from mindfulness, therapy, or medication. Support, education, and therapy can help individuals lead better lives."
A Guide to Meditation,"A Guide to Meditation is an important aspect of mental well-being. Individuals experiencing meditation may benefit from mindfulness, therapy, or medication. Healing is possible with the right guidance and support."
Understanding Chronic Stress,"Understanding Chronic Stress is an important aspect of mental well-being. Individuals experiencing chronic stress may benefit from mindfulness, therapy, or medication. Healing is possible with the right guidance and support."
Exploring Panic Disorder,"Exploring Panic Disorder is an important aspect of mental well-being. Individuals experiencing panic disorder may benefit from mindfulness, therapy, or medication. Recognizing symptoms early can lead to effective recovery paths."
The Truth About Acute Stress,"The Truth About Acute Stress is an important aspect of mental well-being. Individuals experiencing acute stress may benefit from mindfulness, therapy, or medication. Support, education, and therapy can help individuals lead better lives."
Understanding Trauma,"Understanding Trauma is an important aspect of mental well-being. Individuals experiencing trauma may benefit from mindfulness, therapy, or medication. Mental health should be prioritized just like physical health."
Living with Trauma,"Living with Trauma is an important aspect of mental well-being. Individuals experiencing trauma may benefit from mindfulness, therapy, or medication. Recognizing symptoms early can lead to effective recovery paths."
Exploring Major Depressive Disorder,"Exploring Major Depressive Disorder is an important aspect of mental well-being. Individuals experiencing major depressive disorder may benefit from mindfulness, therapy, or medication. Healing is possible with the right guidance and support."
Overcoming Separation Anxiety,"Overcoming Separation Anxiety is an important aspect of mental well-being. Individuals experiencing separation anxiety may benefit from mindfulness, therapy, or medication. Healing is possible with the right guidance and support."
Managing Symmetry OCD,"Managing Symmetry OCD is an important aspect of mental well-being. Individuals experiencing symmetry ocd may benefit from mindfulness, therapy, or medication. Mental health should be prioritized just like physical health."
Understanding Developmental Trauma,"Understanding Developmental Trauma is an important aspect of mental well-being. Individuals experiencing developmental trauma may benefit from mindfulness, therapy, or medication. These strategies can improve daily functioning and emotional well-being."
A Guide to Wellness,"A Guide to Wellness is an important aspect of mental well-being. Individuals experiencing wellness may benefit from mindfulness, therapy, or medication. These strategies can improve daily functioning and emotional well-being."
Healing from Major Depressive Disorder,"Healing from Major Depressive Disorder is an important aspect of mental well-being. Individuals experiencing major depressive disorder may benefit from mindfulness, therapy, or medication. These strategies can improve daily functioning and emotional well-being."
Coping with Symmetry OCD,"Coping with Symmetry OCD is an important aspect of mental well-being. Individuals experiencing symmetry ocd may benefit from mindfulness, therapy, or medication. These strategies can improve daily functioning and emotional well-being."
Healing from Generalized Anxiety Disorder,"Healing from Generalized Anxiety Disorder is an important aspect of mental well-being. Individuals experiencing generalized anxiety disorder may benefit from mindfulness, therapy, or medication. Recognizing symptoms early can lead to effective recovery paths."
What to Know About Complex Trauma,"What to Know About Complex Trauma is an important aspect of mental well-being. Individuals experiencing complex trauma may benefit from mindfulness, therapy, or medication. Mental health should be prioritized just like physical health."
Exploring Self-Care,"Exploring Self-Care is an important aspect of mental well-being. Individuals experiencing self-care may benefit from mindfulness, therapy, or medication. Healing is possible with the right guidance and support."
What to Know About Atypical Depression,"What to Know About Atypical Depression is an important aspect of mental well-being. Individuals experiencing atypical depression may benefit from mindfulness, therapy, or medication. Recognizing symptoms early can lead to effective recovery paths."
Managing Depression,"Managing Depression is an important aspect of mental well-being. Individuals experiencing depression may benefit from mindfulness, therapy, or medication. Support, education, and therapy can help individuals lead better lives."
Managing Stress,"Managing Stress is an important aspect of mental well-being. Individuals experiencing stress may benefit from mindfulness, therapy, or medication. Recognizing symptoms early can lead to effective recovery paths."
Exploring Resilience,"Exploring Resilience is an important aspect of mental well-being. Individuals experiencing resilience may benefit from mindfulness, therapy, or medication. Support, education, and therapy can help individuals lead better lives."
Coping with Chronic Stress,"Coping with Chronic Stress is an important aspect of mental well-being. Individuals experiencing chronic stress may benefit from mindfulness, therapy, or medication. These strategies can improve daily functioning and emotional well-being."
Healing from Atypical Depression,"Healing from Atypical Depression is an important aspect of mental well-being. Individuals experiencing atypical depression may benefit from mindfulness, therapy, or medication. These strategies can improve daily functioning and emotional well-being."
Managing Trauma,"Managing Trauma is an important aspect of mental well-being. Individuals experiencing trauma may benefit from mindfulness, therapy, or medication. Support, education, and therapy can help individuals lead better lives."
Exploring Therapy,"Exploring Therapy is an important aspect of mental well-being. Individuals experiencing therapy may benefit from mindfulness, therapy, or medication. Healing is possible with the right guidance and support."
